<?xml version="1.0" encoding="UTF-8"?>
<!DOCTYPE plist PUBLIC "-//Apple//DTD PLIST 1.0//EN" "http://www.apple.com/DTDs/PropertyList-1.0.dtd">
<plist version="1.0">
<dict>
	<key>clock</key>
	<dict>
		<key>BPM</key>
		<real>122.4413374203027</real>
		<key>BPMIsGuessed</key>
		<false/>
		<key>beatsPerBar</key>
		<integer>4</integer>
		<key>length</key>
		<real>125.44782933294773</real>
		<key>lengthIsSet</key>
		<true/>
		<key>metadataVersion</key>
		<real>2</real>
		<key>multiplier</key>
		<real>64</real>
		<key>originalBPM</key>
		<real>121.01507190337678</real>
	</dict>
	<key>tracks</key>
	<array>
		<dict>
			<key>loopStartTime</key>
			<integer>0</integer>
			<key>pan</key>
			<real>0.0</real>
			<key>playing</key>
			<true/>
			<key>reverse</key>
			<false/>
			<key>scale</key>
			<real>0.98835146427154541</real>
			<key>synchronize</key>
			<true/>
			<key>volume</key>
			<real>1.0207030773162842</real>
		</dict>
		<dict>
			<key>loopStartTime</key>
			<integer>0</integer>
			<key>pan</key>
			<real>0.0</real>
			<key>playing</key>
			<true/>
			<key>reverse</key>
			<false/>
			<key>scale</key>
			<real>0.98835146427154541</real>
			<key>synchronize</key>
			<true/>
			<key>volume</key>
			<real>1</real>
		</dict>
		<dict>
			<key>loopStartTime</key>
			<integer>0</integer>
			<key>pan</key>
			<real>0.0</real>
			<key>playing</key>
			<true/>
			<key>reverse</key>
			<false/>
			<key>scale</key>
			<real>0.98835146427154541</real>
			<key>synchronize</key>
			<true/>
			<key>volume</key>
			<real>1</real>
		</dict>
		<dict>
			<key>loopStartTime</key>
			<integer>0</integer>
			<key>pan</key>
			<real>0.0</real>
			<key>playing</key>
			<true/>
			<key>reverse</key>
			<false/>
			<key>scale</key>
			<real>0.98835146427154541</real>
			<key>synchronize</key>
			<true/>
			<key>volume</key>
			<real>1.6439374685287476</real>
		</dict>
		<dict>
			<key>loopStartTime</key>
			<integer>0</integer>
			<key>pan</key>
			<real>0.0</real>
			<key>playing</key>
			<true/>
			<key>reverse</key>
			<false/>
			<key>scale</key>
			<real>0.98835146427154541</real>
			<key>synchronize</key>
			<true/>
			<key>volume</key>
			<real>1</real>
		</dict>
		<dict>
			<key>loopStartTime</key>
			<integer>0</integer>
			<key>pan</key>
			<real>0.0</real>
			<key>playing</key>
			<true/>
			<key>reverse</key>
			<false/>
			<key>scale</key>
			<real>0.98835146427154541</real>
			<key>synchronize</key>
			<true/>
			<key>volume</key>
			<real>2.1686017513275146</real>
		</dict>
		<dict>
			<key>loopStartTime</key>
			<integer>-1</integer>
			<key>pan</key>
			<real>0.0</real>
			<key>playing</key>
			<false/>
			<key>reverse</key>
			<false/>
			<key>scale</key>
			<real>1</real>
			<key>synchronize</key>
			<true/>
			<key>volume</key>
			<real>1</real>
		</dict>
		<dict>
			<key>loopStartTime</key>
			<integer>-1</integer>
			<key>pan</key>
			<real>0.0</real>
			<key>playing</key>
			<false/>
			<key>reverse</key>
			<false/>
			<key>scale</key>
			<real>1</real>
			<key>synchronize</key>
			<false/>
			<key>volume</key>
			<real>1</real>
		</dict>
		<dict>
			<key>loopStartTime</key>
			<integer>-1</integer>
			<key>pan</key>
			<real>0.0</real>
			<key>playing</key>
			<false/>
			<key>reverse</key>
			<false/>
			<key>scale</key>
			<real>1</real>
			<key>synchronize</key>
			<false/>
			<key>volume</key>
			<real>1</real>
		</dict>
		<dict>
			<key>loopStartTime</key>
			<integer>-1</integer>
			<key>pan</key>
			<real>0.0</real>
			<key>playing</key>
			<false/>
			<key>reverse</key>
			<false/>
			<key>scale</key>
			<real>1</real>
			<key>synchronize</key>
			<false/>
			<key>volume</key>
			<real>1</real>
		</dict>
		<dict>
			<key>loopStartTime</key>
			<integer>-1</integer>
			<key>pan</key>
			<real>0.0</real>
			<key>playing</key>
			<false/>
			<key>reverse</key>
			<false/>
			<key>scale</key>
			<real>1</real>
			<key>synchronize</key>
			<false/>
			<key>volume</key>
			<real>1</real>
		</dict>
		<dict>
			<key>loopStartTime</key>
			<integer>-1</integer>
			<key>pan</key>
			<real>0.0</real>
			<key>playing</key>
			<false/>
			<key>reverse</key>
			<false/>
			<key>scale</key>
			<real>1</real>
			<key>synchronize</key>
			<false/>
			<key>volume</key>
			<real>1</real>
		</dict>
	</array>
</dict>
</plist>
